Date,Time,Lat,Long,Alt,DIN2,SSID,WIFI,INT,Registration
09/10/2025,00:46:50,,,,,SDL-Maintenance,1,1,SDL-Maintenance
09/10/2025,00:46:59,,,,,SDL-Maintenance,1,1,SDL-Maintenance
09/10/2025,00:47:08,,,,,SDL-Maintenance,1,1,SDL-Maintenance
09/10/2025,00:47:15,,,,,SDL-Maintenance,1,1,SDL-Maintenance
06/10/2025,13:56:43,,,,,,0,0,
06/10/2025,13:56:48,,,,,,0,0,
06/10/2025,13:56:56,,,,,,0,0,
06/10/2025,13:57:03,,,,,,0,0,
06/10/2025,13:57:09,,,,,,0,0,
06/10/2025,13:57:14,,,,,,0,0,
06/10/2025,13:57:19,,,,,,0,0,
06/10/2025,13:57:24,,,,,,0,0,
06/10/2025,13:57:29,,,,,,0,0,
06/10/2025,13:57:34,,,,,,0,0,
06/10/2025,13:57:39,,,,,,0,0,
06/10/2025,13:58:18,,,,,,0,0,
06/10/2025,13:58:23,,,,,,0,0,
06/10/2025,13:58:28,,,,,,0,0,
06/10/2025,13:58:33,,,,,,0,0,
06/10/2025,13:58:38,,,,,,0,0,
06/10/2025,13:58:43,,,,,,0,0,
06/10/2025,13:58:48,,,,,,0,0,
06/10/2025,13:58:53,,,,,,0,0,
06/10/2025,13:58:58,,,,,,0,0,
06/10/2025,13:59:03,,,,,,0,0,
06/10/2025,13:59:08,,,,,,0,0,
06/10/2025,13:59:13,,,,,,0,0,
06/10/2025,13:59:49,,,,,,0,0,
06/10/2025,13:59:54,,,,,,0,0,
06/10/2025,13:59:59,,,,,,0,0,
06/10/2025,14:00:04,,,,,,0,0,
06/10/2025,14:00:09,,,,,,0,0,
06/10/2025,14:00:14,,,,,,0,0,
06/10/2025,14:00:19,,,,,,0,0,
06/10/2025,14:00:24,,,,,,0,0,
06/10/2025,14:00:29,,,,,,0,0,
06/10/2025,14:00:34,,,,,,0,0,
06/10/2025,14:00:39,,,,,,0,0,
06/10/2025,14:00:44,,,,,,0,0,
06/10/2025,14:01:21,,,,,,0,0,
06/10/2025,14:01:26,,,,,,0,0,
06/10/2025,14:01:31,,,,,,0,0,
06/10/2025,14:01:36,,,,,,0,0,
06/10/2025,14:01:41,,,,,,0,0,
06/10/2025,14:01:46,,,,,,0,0,
06/10/2025,14:01:51,,,,,,0,0,
06/10/2025,14:01:56,,,,,,0,0,
06/10/2025,14:02:01,,,,,,0,0,
06/10/2025,14:02:06,,,,,,0,0,
06/10/2025,14:02:11,,,,,,0,0,
06/10/2025,14:02:16,,,,,,0,0,
06/10/2025,14:02:52,,,,,,0,0,
06/10/2025,14:02:57,,,,,,0,0,
06/10/2025,14:03:02,,,,,,0,0,
06/10/2025,14:03:07,,,,,,0,0,
06/10/2025,14:03:13,,,,,,0,0,
06/10/2025,14:03:18,,,,,,0,0,
06/10/2025,14:03:23,,,,,,0,0,
06/10/2025,14:03:28,,,,,,0,0,
06/10/2025,14:03:33,,,,,,0,0,
06/10/2025,14:03:38,,,,,,0,0,
06/10/2025,14:03:43,,,,,,0,0,
06/10/2025,14:03:48,,,,,,0,0,
06/10/2025,14:04:24,,,,,,0,0,
06/10/2025,14:04:29,,,,,,0,0,
06/10/2025,14:04:34,,,,,,0,0,
06/10/2025,14:04:39,,,,,,0,0,
06/10/2025,14:04:44,,,,,,0,0,
06/10/2025,14:04:49,,,,,,0,0,
06/10/2025,14:04:54,,,,,,0,0,
06/10/2025,14:04:59,,,,,,0,0,
06/10/2025,14:05:04,,,,,,0,0,
06/10/2025,14:05:09,,,,,,0,0,
06/10/2025,14:05:14,,,,,,0,0,
06/10/2025,14:05:24,,,,,SDL-Maintenance,1,0,SDL-Maintenance
06/10/2025,14:05:35,,,,,SDL-Maintenance,1,0,SDL-Maintenance
06/10/2025,14:05:45,,,,,SDL-Maintenance,1,0,SDL-Maintenance
06/10/2025,14:05:55,,,,,SDL-Maintenance,1,0,SDL-Maintenance
06/10/2025,14:06:05,,,,,SDL-Maintenance,1,0,SDL-Maintenance
06/10/2025,14:06:15,,,,,SDL-Maintenance,1,0,SDL-Maintenance
06/10/2025,14:06:26,,,,,SDL-Maintenance,1,0,SDL-Maintenance
06/10/2025,14:06:36,,,,,SDL-Maintenance,1,0,SDL-Maintenance
06/10/2025,14:06:46,,,,,SDL-Maintenance,1,0,SDL-Maintenance
06/10/2025,14:06:56,,,,,SDL-Maintenance,1,0,SDL-Maintenance
06/10/2025,14:07:06,,,,,SDL-Maintenance,1,0,SDL-Maintenance
06/10/2025,14:07:16,,,,,SDL-Maintenance,1,0,SDL-Maintenance
06/10/2025,14:07:26,,,,,SDL-Maintenance,1,0,SDL-Maintenance
06/10/2025,14:07:36,,,,,SDL-Maintenance,1,0,SDL-Maintenance
06/10/2025,14:07:47,,,,,SDL-Maintenance,1,0,SDL-Maintenance
06/10/2025,14:07:57,,,,,SDL-Maintenance,1,0,SDL-Maintenance
06/10/2025,14:08:07,,,,,SDL-Maintenance,1,0,SDL-Maintenance
06/10/2025,14:08:17,,,,,SDL-Maintenance,1,0,SDL-Maintenance
06/10/2025,14:08:27,,,,,SDL-Maintenance,1,0,SDL-Maintenance
06/10/2025,14:08:37,,,,,SDL-Maintenance,1,0,SDL-Maintenance
06/10/2025,14:08:47,,,,,SDL-Maintenance,1,0,SDL-Maintenance
06/10/2025,14:08:57,,,,,SDL-Maintenance,1,0,SDL-Maintenance
06/10/2025,14:09:07,,,,,SDL-Maintenance,1,0,SDL-Maintenance
06/10/2025,14:09:17,,,,,SDL-Maintenance,1,0,SDL-Maintenance
06/10/2025,14:09:27,,,,,SDL-Maintenance,1,0,SDL-Maintenance
06/10/2025,14:09:37,,,,,SDL-Maintenance,1,0,SDL-Maintenance
06/10/2025,14:09:47,,,,,SDL-Maintenance,1,0,SDL-Maintenance
06/10/2025,14:09:58,,,,,SDL-Maintenance,1,0,SDL-Maintenance
06/10/2025,14:10:08,,,,,SDL-Maintenance,1,0,SDL-Maintenance
06/10/2025,14:10:18,,,,,SDL-Maintenance,1,0,SDL-Maintenance
06/10/2025,14:10:28,,,,,SDL-Maintenance,1,0,SDL-Maintenance
06/10/2025,14:10:38,,,,,SDL-Maintenance,1,0,SDL-Maintenance
06/10/2025,14:10:48,,,,,SDL-Maintenance,1,0,SDL-Maintenance
06/10/2025,14:10:58,,,,,SDL-Maintenance,1,0,SDL-Maintenance
06/10/2025,14:11:08,,,,,SDL-Maintenance,1,0,SDL-Maintenance
06/10/2025,14:11:18,,,,,SDL-Maintenance,1,0,SDL-Maintenance
06/10/2025,14:11:28,,,,,SDL-Maintenance,1,0,SDL-Maintenance
06/10/2025,14:11:38,,,,,SDL-Maintenance,1,0,SDL-Maintenance
06/10/2025,14:11:48,,,,,SDL-Maintenance,1,0,SDL-Maintenance
06/10/2025,14:11:58,,,,,SDL-Maintenance,1,0,SDL-Maintenance
06/10/2025,14:12:09,,,,,SDL-Maintenance,1,0,SDL-Maintenance
06/10/2025,14:12:19,,,,,SDL-Maintenance,1,0,SDL-Maintenance
06/10/2025,14:12:29,,,,,SDL-Maintenance,1,0,SDL-Maintenance
06/10/2025,14:12:39,,,,,SDL-Maintenance,1,0,SDL-Maintenance
06/10/2025,14:12:49,,,,,SDL-Maintenance,1,0,SDL-Maintenance
06/10/2025,14:12:59,,,,,SDL-Maintenance,1,0,SDL-Maintenance
06/10/2025,14:13:09,,,,,SDL-Maintenance,1,0,SDL-Maintenance
06/10/2025,14:13:19,,,,,SDL-Maintenance,1,0,SDL-Maintenance
06/10/2025,14:13:29,,,,,SDL-Maintenance,1,0,SDL-Maintenance
06/10/2025,14:13:39,,,,,SDL-Maintenance,1,0,SDL-Maintenance
06/10/2025,14:13:49,,,,,SDL-Maintenance,1,0,SDL-Maintenance
06/10/2025,14:13:59,,,,,SDL-Maintenance,1,0,SDL-Maintenance
06/10/2025,14:14:09,,,,,SDL-Maintenance,1,0,SDL-Maintenance
06/10/2025,14:14:20,,,,,SDL-Maintenance,1,0,SDL-Maintenance
06/10/2025,14:14:30,,,,,SDL-Maintenance,1,0,SDL-Maintenance
06/10/2025,14:14:40,,,,,SDL-Maintenance,1,0,SDL-Maintenance
06/10/2025,14:14:50,,,,,SDL-Maintenance,1,0,SDL-Maintenance
06/10/2025,14:15:00,,,,,SDL-Maintenance,1,0,SDL-Maintenance
06/10/2025,14:15:10,,,,,SDL-Maintenance,1,0,SDL-Maintenance
06/10/2025,14:15:20,,,,,SDL-Maintenance,1,0,SDL-Maintenance
06/10/2025,14:15:30,,,,,SDL-Maintenance,1,0,SDL-Maintenance
06/10/2025,14:15:40,,,,,SDL-Maintenance,1,0,SDL-Maintenance
06/10/2025,14:15:50,,,,,SDL-Maintenance,1,0,SDL-Maintenance
06/10/2025,14:16:00,,,,,SDL-Maintenance,1,0,SDL-Maintenance
06/10/2025,14:16:10,,,,,SDL-Maintenance,1,0,SDL-Maintenance
06/10/2025,14:16:21,,,,,SDL-Maintenance,1,0,SDL-Maintenance
06/10/2025,14:16:31,,,,,SDL-Maintenance,1,0,SDL-Maintenance
06/10/2025,14:16:41,,,,,SDL-Maintenance,1,0,SDL-Maintenance
06/10/2025,14:16:51,,,,,SDL-Maintenance,1,0,SDL-Maintenance
06/10/2025,14:17:01,,,,,SDL-Maintenance,1,0,SDL-Maintenance
06/10/2025,14:17:11,,,,,SDL-Maintenance,1,0,SDL-Maintenance
06/10/2025,14:17:21,,,,,SDL-Maintenance,1,0,SDL-Maintenance
06/10/2025,14:17:31,,,,,SDL-Maintenance,1,0,SDL-Maintenance
06/10/2025,14:17:41,,,,,SDL-Maintenance,1,0,SDL-Maintenance
06/10/2025,14:17:51,,,,,SDL-Maintenance,1,0,SDL-Maintenance
06/10/2025,14:18:01,,,,,SDL-Maintenance,1,0,SDL-Maintenance
06/10/2025,14:18:11,,,,,SDL-Maintenance,1,0,SDL-Maintenance
06/10/2025,14:18:21,,,,,SDL-Maintenance,1,0,SDL-Maintenance
06/10/2025,14:18:32,,,,,SDL-Maintenance,1,0,SDL-Maintenance
06/10/2025,14:18:42,,,,,SDL-Maintenance,1,0,SDL-Maintenance
06/10/2025,14:18:52,,,,,SDL-Maintenance,1,0,SDL-Maintenance
06/10/2025,14:19:02,,,,,SDL-Maintenance,1,0,SDL-Maintenance
06/10/2025,14:19:12,,,,,SDL-Maintenance,1,0,SDL-Maintenance
06/10/2025,14:19:22,,,,,SDL-Maintenance,1,0,SDL-Maintenance
06/10/2025,14:19:32,,,,,SDL-Maintenance,1,0,SDL-Maintenance
06/10/2025,14:19:42,,,,,SDL-Maintenance,1,0,SDL-Maintenance
06/10/2025,14:19:52,,,,,SDL-Maintenance,1,0,SDL-Maintenance
06/10/2025,14:20:02,,,,,SDL-Maintenance,1,0,SDL-Maintenance
06/10/2025,14:20:12,,,,,SDL-Maintenance,1,0,SDL-Maintenance
06/10/2025,14:20:22,,,,,SDL-Maintenance,1,0,SDL-Maintenance
06/10/2025,14:20:33,,,,,SDL-Maintenance,1,0,SDL-Maintenance
06/10/2025,14:20:43,,,,,SDL-Maintenance,1,0,SDL-Maintenance
06/10/2025,14:20:53,,,,,SDL-Maintenance,1,0,SDL-Maintenance
06/10/2025,14:21:03,,,,,SDL-Maintenance,1,0,SDL-Maintenance
06/10/2025,14:21:13,,,,,SDL-Maintenance,1,0,SDL-Maintenance
06/10/2025,14:21:23,,,,,SDL-Maintenance,1,0,SDL-Maintenance
06/10/2025,14:21:33,,,,,SDL-Maintenance,1,0,SDL-Maintenance
06/10/2025,14:21:43,,,,,SDL-Maintenance,1,0,SDL-Maintenance
06/10/2025,14:21:53,,,,,SDL-Maintenance,1,0,SDL-Maintenance
06/10/2025,14:22:03,,,,,SDL-Maintenance,1,0,SDL-Maintenance
06/10/2025,14:22:13,,,,,SDL-Maintenance,1,0,SDL-Maintenance
06/10/2025,14:22:23,,,,,SDL-Maintenance,1,0,SDL-Maintenance
06/10/2025,14:22:33,,,,,SDL-Maintenance,1,0,SDL-Maintenance
06/10/2025,14:22:44,,,,,SDL-Maintenance,1,0,SDL-Maintenance
06/10/2025,14:22:54,,,,,SDL-Maintenance,1,0,SDL-Maintenance
06/10/2025,14:23:04,,,,,SDL-Maintenance,1,0,SDL-Maintenance
06/10/2025,14:23:14,,,,,SDL-Maintenance,1,0,SDL-Maintenance
06/10/2025,14:23:24,,,,,SDL-Maintenance,1,0,SDL-Maintenance
06/10/2025,14:23:34,,,,,SDL-Maintenance,1,0,SDL-Maintenance
06/10/2025,14:23:44,,,,,SDL-Maintenance,1,0,SDL-Maintenance
06/10/2025,14:23:54,,,,,SDL-Maintenance,1,0,SDL-Maintenance
06/10/2025,14:24:04,,,,,SDL-Maintenance,1,0,SDL-Maintenance
06/10/2025,14:24:14,,,,,SDL-Maintenance,1,0,SDL-Maintenance
06/10/2025,14:24:24,,,,,SDL-Maintenance,1,0,SDL-Maintenance
06/10/2025,14:24:34,,,,,SDL-Maintenance,1,0,SDL-Maintenance
06/10/2025,14:24:44,,,,,SDL-Maintenance,1,0,SDL-Maintenance
06/10/2025,14:24:55,,,,,SDL-Maintenance,1,0,SDL-Maintenance
06/10/2025,14:25:05,,,,,SDL-Maintenance,1,0,SDL-Maintenance
06/10/2025,14:25:15,,,,,SDL-Maintenance,1,0,SDL-Maintenance
06/10/2025,14:25:25,,,,,SDL-Maintenance,1,0,SDL-Maintenance
06/10/2025,14:25:35,,,,,SDL-Maintenance,1,0,SDL-Maintenance
06/10/2025,14:25:45,,,,,SDL-Maintenance,1,0,SDL-Maintenance
06/10/2025,14:25:55,,,,,SDL-Maintenance,1,0,SDL-Maintenance
06/10/2025,14:26:05,,,,,SDL-Maintenance,1,0,SDL-Maintenance
06/10/2025,14:26:15,,,,,SDL-Maintenance,1,0,SDL-Maintenance
06/10/2025,14:26:25,,,,,SDL-Maintenance,1,0,SDL-Maintenance
06/10/2025,14:26:35,,,,,SDL-Maintenance,1,0,SDL-Maintenance
06/10/2025,14:26:45,,,,,SDL-Maintenance,1,0,SDL-Maintenance
06/10/2025,14:26:56,,,,,SDL-Maintenance,1,0,SDL-Maintenance
06/10/2025,14:27:06,,,,,SDL-Maintenance,1,0,SDL-Maintenance
06/10/2025,14:27:16,,,,,SDL-Maintenance,1,0,SDL-Maintenance
06/10/2025,14:27:26,,,,,SDL-Maintenance,1,0,SDL-Maintenance
06/10/2025,14:27:36,,,,,SDL-Maintenance,1,0,SDL-Maintenance
06/10/2025,14:27:46,,,,,SDL-Maintenance,1,0,SDL-Maintenance
06/10/2025,14:27:56,,,,,SDL-Maintenance,1,0,SDL-Maintenance
06/10/2025,14:28:06,,,,,SDL-Maintenance,1,0,SDL-Maintenance
06/10/2025,14:28:16,,,,,SDL-Maintenance,1,0,SDL-Maintenance
06/10/2025,14:28:26,,,,,SDL-Maintenance,1,0,SDL-Maintenance
06/10/2025,14:28:36,,,,,SDL-Maintenance,1,0,SDL-Maintenance
06/10/2025,14:28:46,,,,,SDL-Maintenance,1,0,SDL-Maintenance
06/10/2025,14:28:56,,,,,SDL-Maintenance,1,0,SDL-Maintenance
06/10/2025,14:29:07,,,,,SDL-Maintenance,1,0,SDL-Maintenance
06/10/2025,14:29:17,,,,,SDL-Maintenance,1,0,SDL-Maintenance
06/10/2025,14:29:27,,,,,SDL-Maintenance,1,0,SDL-Maintenance
06/10/2025,14:29:37,,,,,SDL-Maintenance,1,0,SDL-Maintenance
06/10/2025,14:29:47,,,,,SDL-Maintenance,1,0,SDL-Maintenance
06/10/2025,14:29:57,,,,,SDL-Maintenance,1,0,SDL-Maintenance
06/10/2025,14:30:07,,,,,SDL-Maintenance,1,0,SDL-Maintenance
06/10/2025,14:30:17,,,,,SDL-Maintenance,1,0,SDL-Maintenance
06/10/2025,14:30:27,,,,,SDL-Maintenance,1,0,SDL-Maintenance
06/10/2025,14:30:37,,,,,SDL-Maintenance,1,0,SDL-Maintenance
06/10/2025,14:30:47,,,,,SDL-Maintenance,1,0,SDL-Maintenance
06/10/2025,14:30:57,,,,,SDL-Maintenance,1,0,SDL-Maintenance
06/10/2025,14:31:08,,,,,SDL-Maintenance,1,0,SDL-Maintenance
06/10/2025,14:31:18,,,,,SDL-Maintenance,1,0,SDL-Maintenance
06/10/2025,14:31:28,,,,,SDL-Maintenance,1,0,SDL-Maintenance
06/10/2025,14:31:38,,,,,SDL-Maintenance,1,0,SDL-Maintenance
06/10/2025,14:31:48,,,,,SDL-Maintenance,1,0,SDL-Maintenance
06/10/2025,14:31:58,,,,,SDL-Maintenance,1,0,SDL-Maintenance
06/10/2025,14:32:08,,,,,SDL-Maintenance,1,0,SDL-Maintenance
06/10/2025,14:32:18,,,,,SDL-Maintenance,1,0,SDL-Maintenance
06/10/2025,14:32:28,,,,,SDL-Maintenance,1,0,SDL-Maintenance
06/10/2025,14:32:38,,,,,SDL-Maintenance,1,0,SDL-Maintenance
06/10/2025,14:32:48,,,,,SDL-Maintenance,1,0,SDL-Maintenance
06/10/2025,14:32:58,,,,,SDL-Maintenance,1,0,SDL-Maintenance
06/10/2025,14:33:08,,,,,SDL-Maintenance,1,0,SDL-Maintenance
06/10/2025,14:33:19,,,,,SDL-Maintenance,1,0,SDL-Maintenance
06/10/2025,14:33:29,,,,,SDL-Maintenance,1,0,SDL-Maintenance
06/10/2025,14:33:39,,,,,SDL-Maintenance,1,0,SDL-Maintenance
06/10/2025,14:33:49,,,,,SDL-Maintenance,1,0,SDL-Maintenance
06/10/2025,14:33:59,,,,,SDL-Maintenance,1,0,SDL-Maintenance
06/10/2025,14:34:09,,,,,SDL-Maintenance,1,0,SDL-Maintenance
06/10/2025,14:34:19,,,,,SDL-Maintenance,1,0,SDL-Maintenance
06/10/2025,14:34:29,,,,,SDL-Maintenance,1,0,SDL-Maintenance
06/10/2025,14:34:39,,,,,SDL-Maintenance,1,0,SDL-Maintenance
06/10/2025,14:34:49,,,,,SDL-Maintenance,1,0,SDL-Maintenance
06/10/2025,14:34:59,,,,,SDL-Maintenance,1,0,SDL-Maintenance
06/10/2025,14:35:09,,,,,SDL-Maintenance,1,0,SDL-Maintenance
06/10/2025,14:35:20,,,,,SDL-Maintenance,1,0,SDL-Maintenance
06/10/2025,14:35:30,,,,,SDL-Maintenance,1,0,SDL-Maintenance
06/10/2025,14:35:40,,,,,SDL-Maintenance,1,0,SDL-Maintenance
06/10/2025,14:35:50,,,,,SDL-Maintenance,1,0,SDL-Maintenance
06/10/2025,14:36:00,,,,,SDL-Maintenance,1,0,SDL-Maintenance
06/10/2025,14:36:10,,,,,SDL-Maintenance,1,0,SDL-Maintenance
06/10/2025,14:36:20,,,,,SDL-Maintenance,1,0,SDL-Maintenance
06/10/2025,14:36:30,,,,,SDL-Maintenance,1,0,SDL-Maintenance
06/10/2025,14:36:40,,,,,SDL-Maintenance,1,0,SDL-Maintenance
06/10/2025,14:36:50,,,,,SDL-Maintenance,1,0,SDL-Maintenance
06/10/2025,14:37:00,,,,,SDL-Maintenance,1,0,SDL-Maintenance
06/10/2025,14:37:10,,,,,SDL-Maintenance,1,0,SDL-Maintenance
06/10/2025,14:37:20,,,,,SDL-Maintenance,1,0,SDL-Maintenance
06/10/2025,14:37:31,,,,,SDL-Maintenance,1,0,SDL-Maintenance
06/10/2025,14:37:41,,,,,SDL-Maintenance,1,0,SDL-Maintenance
06/10/2025,14:37:51,,,,,SDL-Maintenance,1,0,SDL-Maintenance
06/10/2025,14:38:01,,,,,SDL-Maintenance,1,0,SDL-Maintenance
06/10/2025,14:38:11,,,,,SDL-Maintenance,1,0,SDL-Maintenance
06/10/2025,14:38:21,,,,,SDL-Maintenance,1,0,SDL-Maintenance
06/10/2025,14:38:31,,,,,SDL-Maintenance,1,0,SDL-Maintenance
06/10/2025,14:38:41,,,,,SDL-Maintenance,1,0,SDL-Maintenance
06/10/2025,14:38:51,,,,,SDL-Maintenance,1,0,SDL-Maintenance
06/10/2025,14:39:01,,,,,SDL-Maintenance,1,0,SDL-Maintenance
06/10/2025,14:39:11,,,,,SDL-Maintenance,1,0,SDL-Maintenance
06/10/2025,14:39:21,,,,,SDL-Maintenance,1,0,SDL-Maintenance
06/10/2025,14:39:32,,,,,SDL-Maintenance,1,0,SDL-Maintenance
06/10/2025,14:39:42,,,,,SDL-Maintenance,1,0,SDL-Maintenance
06/10/2025,14:39:52,,,,,SDL-Maintenance,1,0,SDL-Maintenance
06/10/2025,14:40:02,,,,,SDL-Maintenance,1,0,SDL-Maintenance
06/10/2025,14:40:12,,,,,SDL-Maintenance,1,0,SDL-Maintenance
06/10/2025,14:40:22,,,,,SDL-Maintenance,1,0,SDL-Maintenance
06/10/2025,14:40:32,,,,,SDL-Maintenance,1,0,SDL-Maintenance
06/10/2025,14:40:42,,,,,SDL-Maintenance,1,0,SDL-Maintenance
06/10/2025,14:40:52,,,,,SDL-Maintenance,1,0,SDL-Maintenance
06/10/2025,14:41:02,,,,,SDL-Maintenance,1,0,SDL-Maintenance
06/10/2025,14:41:12,,,,,SDL-Maintenance,1,0,SDL-Maintenance
06/10/2025,14:41:22,,,,,SDL-Maintenance,1,0,SDL-Maintenance
06/10/2025,14:41:32,,,,,SDL-Maintenance,1,0,SDL-Maintenance
06/10/2025,14:41:43,,,,,SDL-Maintenance,1,0,SDL-Maintenance
06/10/2025,14:41:53,,,,,SDL-Maintenance,1,0,SDL-Maintenance
06/10/2025,14:42:03,,,,,SDL-Maintenance,1,0,SDL-Maintenance
06/10/2025,14:42:13,,,,,SDL-Maintenance,1,0,SDL-Maintenance
06/10/2025,14:42:23,,,,,SDL-Maintenance,1,0,SDL-Maintenance
06/10/2025,14:42:33,,,,,SDL-Maintenance,1,0,SDL-Maintenance
06/10/2025,14:42:43,,,,,SDL-Maintenance,1,0,SDL-Maintenance
06/10/2025,14:42:53,,,,,SDL-Maintenance,1,0,SDL-Maintenance
06/10/2025,14:43:03,,,,,SDL-Maintenance,1,0,SDL-Maintenance
06/10/2025,14:43:13,,,,,SDL-Maintenance,1,0,SDL-Maintenance
06/10/2025,14:43:23,,,,,SDL-Maintenance,1,0,SDL-Maintenance
06/10/2025,14:43:33,,,,,SDL-Maintenance,1,0,SDL-Maintenance
06/10/2025,14:43:44,,,,,SDL-Maintenance,1,0,SDL-Maintenance
06/10/2025,14:43:54,,,,,SDL-Maintenance,1,0,SDL-Maintenance
06/10/2025,14:44:04,,,,,SDL-Maintenance,1,0,SDL-Maintenance
06/10/2025,14:44:14,,,,,SDL-Maintenance,1,0,SDL-Maintenance
06/10/2025,14:44:24,,,,,SDL-Maintenance,1,0,SDL-Maintenance
06/10/2025,14:44:34,,,,,SDL-Maintenance,1,0,SDL-Maintenance
06/10/2025,14:44:44,,,,,SDL-Maintenance,1,0,SDL-Maintenance
06/10/2025,14:44:54,,,,,SDL-Maintenance,1,0,SDL-Maintenance
06/10/2025,14:45:04,,,,,SDL-Maintenance,1,0,SDL-Maintenance
06/10/2025,14:45:14,,,,,SDL-Maintenance,1,0,SDL-Maintenance
06/10/2025,14:45:24,,,,,SDL-Maintenance,1,0,SDL-Maintenance
06/10/2025,14:45:34,,,,,SDL-Maintenance,1,0,SDL-Maintenance
06/10/2025,14:45:44,,,,,SDL-Maintenance,1,0,SDL-Maintenance
06/10/2025,14:45:55,,,,,SDL-Maintenance,1,0,SDL-Maintenance
06/10/2025,14:46:05,,,,,SDL-Maintenance,1,0,SDL-Maintenance
06/10/2025,14:46:15,,,,,SDL-Maintenance,1,0,SDL-Maintenance
06/10/2025,14:46:25,,,,,SDL-Maintenance,1,0,SDL-Maintenance
06/10/2025,14:46:35,,,,,SDL-Maintenance,1,0,SDL-Maintenance
06/10/2025,14:46:45,,,,,SDL-Maintenance,1,0,SDL-Maintenance
06/10/2025,14:46:55,,,,,SDL-Maintenance,1,0,SDL-Maintenance
06/10/2025,14:47:05,,,,,SDL-Maintenance,1,0,SDL-Maintenance
06/10/2025,14:47:15,,,,,SDL-Maintenance,1,0,SDL-Maintenance
06/10/2025,14:47:25,,,,,SDL-Maintenance,1,0,SDL-Maintenance
06/10/2025,14:47:35,,,,,SDL-Maintenance,1,0,SDL-Maintenance
06/10/2025,14:47:45,,,,,SDL-Maintenance,1,0,SDL-Maintenance
06/10/2025,14:47:56,,,,,SDL-Maintenance,1,0,SDL-Maintenance
06/10/2025,14:48:06,,,,,SDL-Maintenance,1,0,SDL-Maintenance
06/10/2025,14:48:16,,,,,SDL-Maintenance,1,0,SDL-Maintenance
06/10/2025,14:48:26,,,,,SDL-Maintenance,1,0,SDL-Maintenance
06/10/2025,14:48:36,,,,,SDL-Maintenance,1,0,SDL-Maintenance
06/10/2025,14:48:46,,,,,SDL-Maintenance,1,0,SDL-Maintenance
06/10/2025,14:48:56,,,,,SDL-Maintenance,1,0,SDL-Maintenance
06/10/2025,14:49:06,,,,,SDL-Maintenance,1,0,SDL-Maintenance
06/10/2025,14:49:16,,,,,SDL-Maintenance,1,0,SDL-Maintenance
06/10/2025,14:49:26,,,,,SDL-Maintenance,1,0,SDL-Maintenance
06/10/2025,14:49:36,,,,,SDL-Maintenance,1,0,SDL-Maintenance
06/10/2025,14:49:46,,,,,SDL-Maintenance,1,0,SDL-Maintenance
06/10/2025,14:49:56,,,,,SDL-Maintenance,1,0,SDL-Maintenance
06/10/2025,14:50:07,,,,,SDL-Maintenance,1,0,SDL-Maintenance
06/10/2025,14:50:17,,,,,SDL-Maintenance,1,0,SDL-Maintenance
06/10/2025,14:50:27,,,,,SDL-Maintenance,1,0,SDL-Maintenance
06/10/2025,14:50:37,,,,,SDL-Maintenance,1,0,SDL-Maintenance
06/10/2025,14:50:47,,,,,SDL-Maintenance,1,0,SDL-Maintenance
06/10/2025,14:50:57,,,,,SDL-Maintenance,1,0,SDL-Maintenance
06/10/2025,14:51:07,,,,,SDL-Maintenance,1,0,SDL-Maintenance
06/10/2025,14:51:17,,,,,SDL-Maintenance,1,0,SDL-Maintenance
06/10/2025,14:51:27,,,,,SDL-Maintenance,1,0,SDL-Maintenance
06/10/2025,14:51:37,,,,,SDL-Maintenance,1,0,SDL-Maintenance
06/10/2025,14:51:47,,,,,SDL-Maintenance,1,0,SDL-Maintenance
06/10/2025,14:51:57,,,,,SDL-Maintenance,1,0,SDL-Maintenance
06/10/2025,14:52:08,,,,,SDL-Maintenance,1,0,SDL-Maintenance
06/10/2025,14:52:18,,,,,SDL-Maintenance,1,0,SDL-Maintenance
06/10/2025,14:52:28,,,,,SDL-Maintenance,1,0,SDL-Maintenance
06/10/2025,14:52:38,,,,,SDL-Maintenance,1,0,SDL-Maintenance
06/10/2025,14:52:48,,,,,SDL-Maintenance,1,0,SDL-Maintenance
06/10/2025,14:52:58,,,,,SDL-Maintenance,1,0,SDL-Maintenance
06/10/2025,14:53:08,,,,,SDL-Maintenance,1,0,SDL-Maintenance
06/10/2025,14:53:18,,,,,SDL-Maintenance,1,0,SDL-Maintenance
06/10/2025,14:53:28,,,,,SDL-Maintenance,1,0,SDL-Maintenance
06/10/2025,14:53:38,,,,,SDL-Maintenance,1,0,SDL-Maintenance
06/10/2025,14:53:48,,,,,SDL-Maintenance,1,0,SDL-Maintenance
06/10/2025,14:53:58,,,,,SDL-Maintenance,1,0,SDL-Maintenance
06/10/2025,14:54:08,,,,,SDL-Maintenance,1,0,SDL-Maintenance
06/10/2025,14:54:19,,,,,SDL-Maintenance,1,0,SDL-Maintenance
06/10/2025,14:54:29,,,,,SDL-Maintenance,1,0,SDL-Maintenance
06/10/2025,14:54:39,,,,,SDL-Maintenance,1,0,SDL-Maintenance
06/10/2025,14:54:49,,,,,SDL-Maintenance,1,0,SDL-Maintenance
06/10/2025,14:54:59,,,,,SDL-Maintenance,1,0,SDL-Maintenance
06/10/2025,14:55:09,,,,,SDL-Maintenance,1,0,SDL-Maintenance
06/10/2025,14:55:19,,,,,SDL-Maintenance,1,0,SDL-Maintenance
06/10/2025,14:55:29,,,,,SDL-Maintenance,1,0,SDL-Maintenance
06/10/2025,14:55:39,,,,,SDL-Maintenance,1,0,SDL-Maintenance
06/10/2025,14:55:49,,,,,SDL-Maintenance,1,0,SDL-Maintenance
06/10/2025,14:55:59,,,,,SDL-Maintenance,1,0,SDL-Maintenance
06/10/2025,14:56:09,,,,,SDL-Maintenance,1,0,SDL-Maintenance
06/10/2025,14:56:20,,,,,SDL-Maintenance,1,0,SDL-Maintenance
06/10/2025,14:56:30,,,,,SDL-Maintenance,1,0,SDL-Maintenance
06/10/2025,14:56:40,,,,,SDL-Maintenance,1,0,SDL-Maintenance
06/10/2025,14:56:50,,,,,SDL-Maintenance,1,0,SDL-Maintenance
06/10/2025,14:57:00,,,,,SDL-Maintenance,1,0,SDL-Maintenance
06/10/2025,14:57:10,,,,,SDL-Maintenance,1,0,SDL-Maintenance
06/10/2025,14:57:20,,,,,SDL-Maintenance,1,0,SDL-Maintenance
06/10/2025,14:57:30,,,,,SDL-Maintenance,1,0,SDL-Maintenance
06/10/2025,14:57:40,,,,,SDL-Maintenance,1,0,SDL-Maintenance
06/10/2025,14:57:50,,,,,SDL-Maintenance,1,0,SDL-Maintenance
06/10/2025,14:58:00,,,,,SDL-Maintenance,1,0,SDL-Maintenance
06/10/2025,14:58:10,,,,,SDL-Maintenance,1,0,SDL-Maintenance
06/10/2025,14:58:20,,,,,SDL-Maintenance,1,0,SDL-Maintenance
06/10/2025,14:58:31,,,,,SDL-Maintenance,1,0,SDL-Maintenance
06/10/2025,14:58:41,,,,,SDL-Maintenance,1,0,SDL-Maintenance
06/10/2025,14:58:51,,,,,SDL-Maintenance,1,0,SDL-Maintenance
06/10/2025,14:59:01,,,,,SDL-Maintenance,1,0,SDL-Maintenance
06/10/2025,14:59:11,,,,,SDL-Maintenance,1,0,SDL-Maintenance
06/10/2025,14:59:21,,,,,SDL-Maintenance,1,0,SDL-Maintenance
06/10/2025,14:59:31,,,,,SDL-Maintenance,1,0,SDL-Maintenance
06/10/2025,14:59:41,,,,,SDL-Maintenance,1,0,SDL-Maintenance
06/10/2025,14:59:51,,,,,SDL-Maintenance,1,0,SDL-Maintenance
06/10/2025,15:00:01,,,,,SDL-Maintenance,1,0,SDL-Maintenance
06/10/2025,15:00:11,,,,,SDL-Maintenance,1,0,SDL-Maintenance
06/10/2025,15:00:21,,,,,SDL-Maintenance,1,0,SDL-Maintenance
06/10/2025,15:00:32,,,,,SDL-Maintenance,1,0,SDL-Maintenance
06/10/2025,15:00:42,,,,,SDL-Maintenance,1,0,SDL-Maintenance
06/10/2025,15:00:52,,,,,SDL-Maintenance,1,0,SDL-Maintenance
06/10/2025,15:01:02,,,,,SDL-Maintenance,1,0,SDL-Maintenance
06/10/2025,15:01:12,,,,,SDL-Maintenance,1,0,SDL-Maintenance
06/10/2025,15:01:22,,,,,SDL-Maintenance,1,0,SDL-Maintenance
06/10/2025,15:01:32,,,,,SDL-Maintenance,1,0,SDL-Maintenance
06/10/2025,15:01:42,,,,,SDL-Maintenance,1,0,SDL-Maintenance
06/10/2025,15:01:52,,,,,SDL-Maintenance,1,0,SDL-Maintenance
06/10/2025,15:02:02,,,,,SDL-Maintenance,1,0,SDL-Maintenance
06/10/2025,15:02:12,,,,,SDL-Maintenance,1,0,SDL-Maintenance
06/10/2025,15:02:22,,,,,SDL-Maintenance,1,0,SDL-Maintenance
06/10/2025,15:02:32,,,,,SDL-Maintenance,1,0,SDL-Maintenance
06/10/2025,15:02:42,,,,,SDL-Maintenance,1,0,SDL-Maintenance
06/10/2025,15:02:53,,,,,SDL-Maintenance,1,0,SDL-Maintenance
06/10/2025,15:03:03,,,,,SDL-Maintenance,1,0,SDL-Maintenance
06/10/2025,15:03:13,,,,,SDL-Maintenance,1,0,SDL-Maintenance
06/10/2025,15:03:23,,,,,SDL-Maintenance,1,0,SDL-Maintenance
06/10/2025,15:03:33,,,,,SDL-Maintenance,1,0,SDL-Maintenance
06/10/2025,15:03:43,,,,,SDL-Maintenance,1,0,SDL-Maintenance
06/10/2025,15:03:53,,,,,SDL-Maintenance,1,0,SDL-Maintenance
06/10/2025,15:04:03,,,,,SDL-Maintenance,1,0,SDL-Maintenance
06/10/2025,15:04:13,,,,,SDL-Maintenance,1,0,SDL-Maintenance
06/10/2025,15:04:23,,,,,SDL-Maintenance,1,0,SDL-Maintenance
06/10/2025,15:04:33,,,,,SDL-Maintenance,1,0,SDL-Maintenance
06/10/2025,15:04:43,,,,,SDL-Maintenance,1,0,SDL-Maintenance
06/10/2025,15:04:53,,,,,SDL-Maintenance,1,0,SDL-Maintenance
06/10/2025,15:05:04,,,,,SDL-Maintenance,1,0,SDL-Maintenance
06/10/2025,15:05:14,,,,,SDL-Maintenance,1,0,SDL-Maintenance
06/10/2025,15:05:24,,,,,SDL-Maintenance,1,0,SDL-Maintenance
06/10/2025,15:05:34,,,,,SDL-Maintenance,1,0,SDL-Maintenance
06/10/2025,15:05:44,,,,,SDL-Maintenance,1,0,SDL-Maintenance
06/10/2025,15:05:54,,,,,SDL-Maintenance,1,0,SDL-Maintenance
06/10/2025,15:06:04,,,,,SDL-Maintenance,1,0,SDL-Maintenance
06/10/2025,15:06:14,,,,,SDL-Maintenance,1,0,SDL-Maintenance
06/10/2025,15:06:24,,,,,SDL-Maintenance,1,0,SDL-Maintenance
